{
     "particle_emitters": [
     {
      "spawn_location":"center",
      "particle": "minecraft:lava",
      "chance": "0.1",
      "x": "rand()", 
      "z": "rand()",
      "y": "1",
      "dx": "0",
      "dy": "0",
      "dz": "0"
    }
  ],
  
      "sound_emitters": [
     {
      "sound": "minecraft:block.lava.ambient",
	  "pitch": "0.9+gaussian()*0.9",
      "volume":"0.07",
	  
	  "chance": "0.1"
     },
	 {
      "sound": "minecraft:block.lava.pop",
	  "pitch": "0.2+gaussian()*0.3",
      "volume":"0.1",
	  
	  "chance": "0.1"
     }
  ]
}